music,music_title,order,row_start,row_end,end_order,end_row,boundary,occurrence,pattern,frames,instructions,cpu_ms,cpu_mips,jit_ms,jit_mips,jit_speedup,rank,deficit_from_fastest_mips,pct_of_fastest
2,"BLUISH",0,0,32,0,32,row,0,1,234,1343694227,,,52402.956,25.642,,10,188.807,11.96
2,"BLUISH",0,32,64,1,0,order,0,1,375,2160637826,,,84050.505,25.706,,9,188.743,11.99
2,"BLUISH",1,0,32,1,32,row,0,3,300,2046333590,,,67987.723,30.099,,7,184.350,14.04
2,"BLUISH",1,32,64,2,0,order,0,3,300,2039925286,,,67993.081,30.002,,8,184.447,13.99
2,"BLUISH",2,0,32,2,32,row,0,4,300,2557718579,,,71448.335,35.798,,5,178.651,16.69
2,"BLUISH",2,32,64,3,0,order,0,4,300,2364549486,,,69157.543,34.191,,6,180.258,15.94
2,"BLUISH",3,0,32,3,32,row,0,7,300,2114618746,,,86874.814,24.341,,11,190.108,11.35
2,"BLUISH",3,32,64,4,0,order,0,7,300,2277989364,,,93856.554,24.271,,12,190.178,11.32
2,"BLUISH",4,0,32,5,0,order,0,0,600,1433686030,,,6685.442,214.449,,1,0.000,100.00
2,"BLUISH",5,0,32,5,32,row,0,6,300,1350154100,,,24253.286,55.669,,4,158.780,25.96
2,"BLUISH",5,32,64,6,0,order,0,6,300,1335985299,,,23676.124,56.428,,3,158.021,26.31
2,"BLUISH",6,0,20,6,20,halt,0,8,188,207220762,,,1042.241,198.822,,2,15.627,92.71
